{
  "config": {
    "res": [
      44,
      44,
      16,
      33
    ],
    "menu_size": 20,
    "seed": 0,
    "gamma": 0.5,
    "c_seed_ideal": 0.3,
    "train_kw": {
      "n_samples": 80000,
      "reg_epochs": 30,
      "cbf_epochs": 30
    }
  },
  "mc_soundness_violations": 0,
  "n_omega3d": 13252,
  "rho_brake": 0.8102927859945669,
  "ideal": {
    "n_candidates_4d": 108224,
    "n_valid_pairs": 1180360,
    "n_seed_4d": 103808,
    "n_R_4d": 112856,
    "n_grown_4d": 9048,
    "n_omega3d": 13252,
    "npsi": 16,
    "rho_seed": 0.48958647751282824,
    "rho_inf": 0.532259281617869,
    "wave_added": [
      1184,
      1056,
      1072,
      1016,
      968,
      728,
      720,
      688,
      456,
      376,
      272,
      208,
      160,
      112,
      32
    ],
    "n_waves": 15,
    "max_layer": 15,
    "layer_hist": {
      "0": 103808,
      "1": 1184,
      "2": 1056,
      "3": 1072,
      "4": 1016,
      "5": 968,
      "6": 728,
      "7": 720,
      "8": 688,
      "9": 456,
      "10": 376,
      "11": 272,
      "12": 208,
      "13": 160,
      "14": 112,
      "15": 32
    },
    "n_not_added": 99176,
    "blocked_breakdown": {
      "frontier_blocked": 65504,
      "v0_blocked": 30376,
      "k_blocked": 3296,
      "domain_blocked": 0
    },
    "wall_s": 10.6,
    "rho_hist": [
      0.48959,
      0.49517,
      0.50015,
      0.50521,
      0.51,
      0.51456,
      0.518,
      0.52139,
      0.52464,
      0.52679,
      0.52856,
      0.52984,
      0.53083,
      0.53158,
      0.53211,
      0.53226
    ]
  },
  "ideal_grows": true,
  "learned": {
    "n_candidates_4d": 37040,
    "n_valid_pairs": 212580,
    "n_seed_4d": 171808,
    "n_R_4d": 176238,
    "n_grown_4d": 4430,
    "n_omega3d": 13252,
    "npsi": 16,
    "rho_seed": 0.8102927859945669,
    "rho_inf": 0.8311858587383036,
    "wave_added": [
      1528,
      1218,
      814,
      522,
      256,
      72,
      18,
      2
    ],
    "n_waves": 8,
    "max_layer": 8,
    "layer_hist": {
      "0": 171808,
      "1": 1528,
      "2": 1218,
      "3": 814,
      "4": 522,
      "5": 256,
      "6": 72,
      "7": 18,
      "8": 2
    },
    "n_not_added": 32610,
    "blocked_breakdown": {
      "frontier_blocked": 13920,
      "v0_blocked": 17976,
      "k_blocked": 714,
      "domain_blocked": 0
    },
    "wall_s": 2.1,
    "rho_hist": [
      0.81029,
      0.8175,
      0.82324,
      0.82708,
      0.82954,
      0.83075,
      0.83109,
      0.83118,
      0.83119
    ]
  },
  "delta_rho": 0.02089307274373675,
  "q_proposal": {
    "n": 4430,
    "top1": 0.1909706546275395,
    "top3": 0.4309255079006772,
    "top5": 1.0,
    "mean_rank": 2.4665914221218963
  },
  "audit": {
    "extremal": {
      "min_g": 0.1801438961272288,
      "g_violations": 0,
      "grown_escape_steps": 0
    },
    "greedy": {
      "min_g": 0.12244736223216751,
      "g_violations": 0,
      "grown_escape_steps": 0
    },
    "certified_but_violated": 0,
    "grown_onestep": {
      "n": 20000,
      "escapes": 0,
      "g_violations": 0
    }
  },
  "calibration": {
    "rho_R": 0.8311858587383036,
    "rho_capt_KV0": 0.9711458647751283,
    "rho_capt_K": 1.876207364926049,
    "recovery_within_anchor": 0.8558815816311665,
    "conservatism": 0.13996000603682462,
    "v0_gate_loss": 0.9050615001509206,
    "capture_within_omega": 0.992897298520978,
    "capture_gap_of_omega": 0.007102701479022033,
    "beyond_omega_frac": 0.8833100664050709,
    "R_not_in_capt": 0,
    "R_not_in_omega": 1288,
    "n_d_grid": 3
  },
  "a_ver": {
    "mean_A_ver": 14.919881069916817,
    "frac_A_ver_empty": 0.1572646080867917,
    "frac_A_ver_ge1": 0.8427353919132082
  },
  "theorem_s": {
    "n_R_cells": 176238,
    "false_feasible_pairs": 846380,
    "phi_feasible_pairs": 3473840,
    "false_feasible_frac_of_phi": 0.24364392142413008
  },
  "deployed": {
    "shield": {
      "cbv": 0,
      "min_g": 0.17200259822537345,
      "race_frac": 0.8797718181818177,
      "mean_speed": 0.012342510302328958,
      "q_agree_frac": 0.8797718181818177
    },
    "naive": {
      "cbv": 303,
      "min_g": -0.3434413574123285,
      "race_frac": 0.2948927272727273,
      "mean_speed": 0.449509504991641,
      "q_agree_frac": null
    },
    "brake": {
      "cbv": 0,
      "min_g": 0.09725105384143407,
      "race_frac": 0.0,
      "mean_speed": 0.007467149113427751,
      "q_agree_frac": null
    }
  },
  "distill": {
    "mse_V_target": 0.012063066622247888,
    "mse_Q_target": 0.038531939416156104
  },
  "signal": "WEAK (0 < Delta-rho < +0.05) -- diagnose seed/menu before scaling",
  "gate_sound": true,
  "wall_s": 392.4
}